TFT_Weight,XGBoost_Weight,Intercept,RMSPE_CV
0.7152294077095576,0.2894023573026061,-238.25769450232656,0.10830045561145588
